DROP TABLE IF EXISTS companies;
DROP TABLE IF EXISTS products;
DROP TABLE IF EXISTS offerings;
DROP TABLE IF EXISTS users;


CREATE TABLE companies(
   id          UUID PRIMARY KEY
  ,name        VARCHAR(128)
  ,phone       VARCHAR(128)
  ,state       VARCHAR(128)
  ,catchPhrase VARCHAR(128)
  ,createdAt   VARCHAR(128)
  ,updatedAt   TIMESTAMP DEFAULT CURRENT_TIMESTAMP
);
INSERT INTO companies(id,name,phone,state,catchPhrase,createdAt,updatedAt) VALUES
 ('e738f41e-893b-4ca8-9130-2b6f331cec5a','Schowalter - Turner','1-422-043-1623 x7427','Idaho','Advanced global flexibility','2020-02-15T00:32:15.245Z','2020-02-15T00:32:15.245Z')
,('65f52025-5a32-4085-b4e0-cc08f12e6248','Wehner - Walker','239-515-4952 x9748','Colorado','Pre-emptive bottom-line core','2020-02-15T00:32:15.247Z','2020-02-15T00:32:15.247Z')
,('b62a7520-c259-47f1-82b4-93124db884e9','Kub and Sons','(412) 823-6993 x68476','Nevada','Multi-channelled 5th generation attitude','2020-02-15T00:32:15.247Z','2020-02-15T00:32:15.247Z')
,('a025063a-99e0-4fa5-879b-510b196dfe7e','Hammes Inc','872-567-3420','Tennessee','Seamless high-level installation','2020-02-15T00:32:15.249Z','2020-02-15T00:32:15.249Z')
,('c2a8a125-80d6-41fd-a580-dab78a4c9acc','Bins LLC','449-257-4093 x0160','Virginia','Digitized value-added core','2020-02-15T00:32:15.250Z','2020-02-15T00:32:15.250Z')
,('04676cb9-6291-4587-864f-b90266737fc0','Nicolas, Parisian and Bashirian','134-836-3334 x487','Iowa','Fundamental disintermediate conglomeration','2020-02-15T00:32:15.250Z','2020-02-15T00:32:15.250Z')
,('086e8c16-6411-49e4-aa87-e4d007c6d09e','Boyle Inc','(862) 722-3025 x22668','California','Integrated next generation secured line','2020-02-15T00:32:15.251Z','2020-02-15T00:32:15.251Z')
,('de0318a5-6a5d-45ff-959b-3b8eaa014173','Howe and Sons','322-388-8699 x0052','Minnesota','Polarised static infrastructure','2020-02-15T00:32:15.251Z','2020-02-15T00:32:15.251Z')
,('46b14cc9-fddf-49c0-8198-c5e2eed085b3','Spinka Group','(623) 217-6434 x5660','Florida','Advanced impactful moratorium','2020-02-15T00:32:15.251Z','2020-02-15T00:32:15.251Z')
,('f5423042-e859-4b76-9b99-7c2356a36e05','Reichel and Sons','380.780.1163','Colorado','Triple-buffered logistical flexibility','2020-02-15T00:32:15.252Z','2020-02-15T00:32:15.252Z')
,('aa8ebf9f-f7f5-40db-8a29-0d0514956242','Monahan, Wunsch and Wolff','973-375-5794 x554','Indiana','Digitized explicit projection','2020-02-15T00:32:15.252Z','2020-02-15T00:32:15.252Z')
,('a057adff-0cef-4e48-b115-c843ae173fe5','Hettinger - DuBuque','943-097-4687','North Dakota','Synergistic eco-centric customer loyalty','2020-02-15T00:32:15.252Z','2020-02-15T00:32:15.252Z')
,('11d5ba72-7bd1-472e-8c7b-8678b5abc3ee','Purdy Inc','886-645-6876 x855','Maryland','Total executive initiative','2020-02-15T00:32:15.253Z','2020-02-15T00:32:15.253Z')
,('e5f3d234-e5e9-4eab-a5ca-569de438532a','Stokes - Grady','(197) 952-8489 x06461','Colorado','Multi-channelled non-volatile installation','2020-02-15T00:32:15.254Z','2020-02-15T00:32:15.254Z')
,('afaece82-7944-4aac-a083-0aa158527c73','Schmitt, Ondricka and Olson','732.750.9349','Utah','Digitized disintermediate customer loyalty','2020-02-15T00:32:15.254Z','2020-02-15T00:32:15.254Z')
,('79310d99-0a7e-4827-bf4b-895d46c0ab53','Konopelski - Wisozk','473.290.0781','Rhode Island','Adaptive impactful matrices','2020-02-15T00:32:15.254Z','2020-02-15T00:32:15.254Z')
,('7655f527-2d29-4a7a-b0ff-5777d6e7f03b','Quigley - Barrows','1-834-181-8396','Maine','Self-enabling disintermediate open system','2020-02-15T00:32:15.255Z','2020-02-15T00:32:15.255Z')
,('b5708188-371f-4001-8585-e5a271154284','Oberbrunner, DuBuque and Pagac','429-216-0339','Arizona','Ergonomic clear-thinking concept','2020-02-15T00:32:15.255Z','2020-02-15T00:32:15.255Z')
,('b82a0cb6-9428-4ea5-a2e2-57877939315b','Bashirian and Sons','790-598-6100 x7927','New Jersey','Polarised scalable neural-net','2020-02-15T00:32:15.255Z','2020-02-15T00:32:15.255Z')
,('fe9a4a1a-517b-4e18-b410-88d9cfaac534','Dickinson, Balistreri and Kunde','213.164.7728 x95184','Ohio','Multi-lateral modular protocol','2020-02-15T00:32:15.256Z','2020-02-15T00:32:15.256Z')
,('68247db7-b400-46f0-8f36-f53f458771e4','Grant and Sons','363-926-8582 x72624','Iowa','Balanced global intranet','2020-02-15T00:32:15.256Z','2020-02-15T00:32:15.256Z')
,('bae509d8-d521-4f94-8b21-7c384e5b47a9','Waters - Goodwin','(897) 268-4253','Mississippi','Synergistic maximized hub','2020-02-15T00:32:15.256Z','2020-02-15T00:32:15.256Z')
,('1d3fa153-5633-4e92-8d4a-68e22485a9c0','Lang, Hauck and Stracke','1-419-129-1027 x13045','Indiana','Implemented scalable capacity','2020-02-15T00:32:15.257Z','2020-02-15T00:32:15.257Z')
,('8a9540a7-bd74-477d-8430-d3d747a90cc0','Zemlak - Bergstrom','1-925-089-1272 x429','West Virginia','Phased coherent portal','2020-02-15T00:32:15.257Z','2020-02-15T00:32:15.257Z')
,('04f5c5b3-d1ef-48a9-a1bd-2c9b8764e4a5','Will - Kilback','706.639.8702 x73921','Connecticut','Re-contextualized zero tolerance middleware','2020-02-15T00:32:15.261Z','2020-02-15T00:32:15.261Z')
,('ffcae4b7-944a-4bf4-b359-69b7cf105ea9','Dickens, Runolfsson and Flatley','(920) 210-9960 x519','Delaware','Exclusive 24 hour time-frame','2020-02-15T00:32:15.261Z','2020-02-15T00:32:15.261Z')
,('f528d1be-a025-4f0b-965e-d5c3769c444a','Koelpin - Little','1-042-060-7381 x5158','New York','Organic executive concept','2020-02-15T00:32:15.262Z','2020-02-15T00:32:15.262Z')
,('fe6671c4-e756-4074-86bf-d5e6b925aeb9','Konopelski, O''Reilly and Jenkins','1-590-112-5413','Wisconsin','Synergized didactic circuit','2020-02-15T00:32:15.262Z','2020-02-15T00:32:15.262Z')
,('662b39a5-93de-4603-ae03-0db4a054145c','Wintheiser, Jast and Bogisich','1-347-295-7822 x23365','Wisconsin','Monitored stable projection','2020-02-15T00:32:15.262Z','2020-02-15T00:32:15.262Z')
,('86eb2c3d-e30b-4342-bce8-e1a44d22bed7','O''Reilly - Ward','(398) 601-2791 x5241','North Dakota','Reactive radical complexity','2020-02-15T00:32:15.263Z','2020-02-15T00:32:15.263Z')
,('b24f32d1-7ce2-4375-8233-f47e0192c5cc','Pagac and Sons','142-738-9432 x54187','Idaho','Cross-platform reciprocal initiative','2020-02-15T00:32:15.263Z','2020-02-15T00:32:15.263Z')
,('cb24da28-1188-41c0-9fe2-cceafb70b84d','Mitchell - Lebsack','165-217-4861 x817','Hawaii','Focused human-resource function','2020-02-15T00:32:15.263Z','2020-02-15T00:32:15.263Z')
,('b630cd7b-fec8-43e0-aaa1-ab66f1aecc1e','Torphy - Boyer','711.753.4337 x234','Utah','Mandatory well-modulated interface','2020-02-15T00:32:15.264Z','2020-02-15T00:32:15.264Z')
,('9d0b59ff-c9b8-4997-8701-fd6c6b5a53b4','Bernier, Stiedemann and Corkery','372.976.4647 x12443','Wisconsin','Front-line modular solution','2020-02-15T00:32:15.264Z','2020-02-15T00:32:15.264Z')
,('016e7c04-1734-4767-aa3c-54c1d85502b9','Robel Group','122-189-8560 x5279','Hawaii','Grass-roots discrete core','2020-02-15T00:32:15.264Z','2020-02-15T00:32:15.264Z')
,('10dff2d2-39cf-45e3-85cd-5e4fbc13deb4','Harvey, Gottlieb and Batz','626.244.4906 x780','Illinois','Object-based client-driven benchmark','2020-02-15T00:32:15.265Z','2020-02-15T00:32:15.265Z')
,('0d9af139-e56b-4e04-937d-d06459c71e17','Sipes Group','(683) 873-2452','Texas','Customizable bandwidth-monitored utilisation','2020-02-15T00:32:15.265Z','2020-02-15T00:32:15.265Z')
,('23154366-9de4-427a-8fee-d1d5113c5bc6','Kris - Sipes','(633) 723-1992','West Virginia','Future-proofed mission-critical system engine','2020-02-15T00:32:15.265Z','2020-02-15T00:32:15.265Z')
,('f267bc02-539a-4dc5-9969-eea710b1fc1e','Mohr Group','1-320-678-4629 x30230','Missouri','Visionary static collaboration','2020-02-15T00:32:15.266Z','2020-02-15T00:32:15.266Z')
,('9d50b77b-dcd6-4d14-85f3-172a4206b8ce','Stracke, Breitenberg and Luettgen','787.080.6809 x355','Connecticut','Ameliorated homogeneous complexity','2020-02-15T00:32:15.266Z','2020-02-15T00:32:15.266Z');



CREATE TABLE products(
   id             UUID PRIMARY KEY NOT NULL
  ,name           VARCHAR(128)
  ,description    VARCHAR(128)
  ,suggestedPrice INTEGER 
  ,createdAt      VARCHAR(128)
  ,updatedAt      TIMESTAMP DEFAULT CURRENT_TIMESTAMP
);

INSERT INTO products(id,name,description,suggestedPrice,createdAt,updatedAt) VALUES
 ('321e6f56-274d-46a6-938b-7d16ab186074','foo','Soft Front-line background initiative',3,'2020-02-15T00:32:16.034Z','2020-02-15T00:32:16.034Z')
,('37692732-7e88-4231-bee1-be99ffd53122','bar','Cotton Operative dedicated task-force',8,'2020-02-15T00:32:16.035Z','2020-02-15T00:32:16.035Z')
,('9847ae0a-69ba-450e-bf8b-8d0e0b92317d','bazz','Fresh Virtual asynchronous encoding',7,'2020-02-15T00:32:16.035Z','2020-02-15T00:32:16.035Z')
,('b198f2cd-d3b0-4ea7-beee-2b4843a84019','quq','Rubber Multi-tiered mission-critical extranet',6,'2020-02-15T00:32:16.035Z','2020-02-15T00:32:16.035Z')
,('66e1b34a-6ac0-4f18-a934-13db93ed633d','fizz','Rubber Synchronised stable methodology',4,'2020-02-15T00:32:16.036Z','2020-02-15T00:32:16.036Z')
,('2398851d-4aa1-4806-b8ae-7a2a40de423a','buzz','Wooden Focused 5th generation open architecture',7,'2020-02-15T00:32:16.036Z','2020-02-15T00:32:16.036Z')
,('4dbf5715-1af6-4465-a56b-d50ad4b4ea1a','blurp','Steel Innovative empowering encryption',3,'2020-02-15T00:32:16.037Z','2020-02-15T00:32:16.037Z')
,('800cb76b-be6c-44d8-98e3-643d4f60bbcc','orc','Rubber Persevering non-volatile policy',3,'2020-02-15T00:32:16.037Z','2020-02-15T00:32:16.037Z')
,('f474233b-f951-49e5-8b49-319fe69ac8f5','grop','Rubber Visionary multimedia hierarchy',7,'2020-02-15T00:32:16.038Z','2020-02-15T00:32:16.038Z');



CREATE TABLE offerings(
   id        INTEGER PRIMARY KEY
  ,price     NUMERIC(50,2)
  ,createdAt VARCHAR(128)
  ,updatedAt TIMESTAMP DEFAULT CURRENT_TIMESTAMP
  ,productId UUID
  ,companyId UUID
);
INSERT INTO offerings(id,price,createdAt,updatedAt,productId,companyId) VALUES
 (1,2.97,'2020-02-15T00:32:16.059Z','2020-02-15T00:32:16.059Z','321e6f56-274d-46a6-938b-7d16ab186074','e738f41e-893b-4ca8-9130-2b6f331cec5a')
,(2,2.91,'2020-02-15T00:32:16.060Z','2020-02-15T00:32:16.060Z','321e6f56-274d-46a6-938b-7d16ab186074','65f52025-5a32-4085-b4e0-cc08f12e6248')
,(3,6.79,'2020-02-15T00:32:16.060Z','2020-02-15T00:32:16.060Z','f474233b-f951-49e5-8b49-319fe69ac8f5','65f52025-5a32-4085-b4e0-cc08f12e6248')
,(4,7.68,'2020-02-15T00:32:16.060Z','2020-02-15T00:32:16.060Z','37692732-7e88-4231-bee1-be99ffd53122','b62a7520-c259-47f1-82b4-93124db884e9')
,(5,7.84,'2020-02-15T00:32:16.060Z','2020-02-15T00:32:16.060Z','37692732-7e88-4231-bee1-be99ffd53122','e738f41e-893b-4ca8-9130-2b6f331cec5a')
,(6,2.94,'2020-02-15T00:32:16.060Z','2020-02-15T00:32:16.060Z','4dbf5715-1af6-4465-a56b-d50ad4b4ea1a','b62a7520-c259-47f1-82b4-93124db884e9')
,(7,3.84,'2020-02-15T00:32:16.060Z','2020-02-15T00:32:16.060Z','66e1b34a-6ac0-4f18-a934-13db93ed633d','a025063a-99e0-4fa5-879b-510b196dfe7e')
,(8,2.88,'2020-02-15T00:32:16.061Z','2020-02-15T00:32:16.061Z','321e6f56-274d-46a6-938b-7d16ab186074','c2a8a125-80d6-41fd-a580-dab78a4c9acc')
,(9,6.65,'2020-02-15T00:32:16.061Z','2020-02-15T00:32:16.061Z','f474233b-f951-49e5-8b49-319fe69ac8f5','c2a8a125-80d6-41fd-a580-dab78a4c9acc')
,(10,7.76,'2020-02-15T00:32:16.061Z','2020-02-15T00:32:16.061Z','37692732-7e88-4231-bee1-be99ffd53122','a025063a-99e0-4fa5-879b-510b196dfe7e')
,(11,3,'2020-02-15T00:32:16.061Z','2020-02-15T00:32:16.061Z','321e6f56-274d-46a6-938b-7d16ab186074','04676cb9-6291-4587-864f-b90266737fc0')
,(12,4,'2020-02-15T00:32:16.061Z','2020-02-15T00:32:16.061Z','66e1b34a-6ac0-4f18-a934-13db93ed633d','de0318a5-6a5d-45ff-959b-3b8eaa014173')
,(13,6.65,'2020-02-15T00:32:16.061Z','2020-02-15T00:32:16.061Z','2398851d-4aa1-4806-b8ae-7a2a40de423a','de0318a5-6a5d-45ff-959b-3b8eaa014173')
,(14,2.94,'2020-02-15T00:32:16.061Z','2020-02-15T00:32:16.061Z','4dbf5715-1af6-4465-a56b-d50ad4b4ea1a','de0318a5-6a5d-45ff-959b-3b8eaa014173')
,(15,2.85,'2020-02-15T00:32:16.062Z','2020-02-15T00:32:16.062Z','321e6f56-274d-46a6-938b-7d16ab186074','086e8c16-6411-49e4-aa87-e4d007c6d09e')
,(16,2.91,'2020-02-15T00:32:16.062Z','2020-02-15T00:32:16.062Z','800cb76b-be6c-44d8-98e3-643d4f60bbcc','086e8c16-6411-49e4-aa87-e4d007c6d09e')
,(17,2.88,'2020-02-15T00:32:16.062Z','2020-02-15T00:32:16.062Z','800cb76b-be6c-44d8-98e3-643d4f60bbcc','46b14cc9-fddf-49c0-8198-c5e2eed085b3')
,(18,7.76,'2020-02-15T00:32:16.062Z','2020-02-15T00:32:16.062Z','37692732-7e88-4231-bee1-be99ffd53122','46b14cc9-fddf-49c0-8198-c5e2eed085b3')
,(19,2.97,'2020-02-15T00:32:16.062Z','2020-02-15T00:32:16.062Z','321e6f56-274d-46a6-938b-7d16ab186074','46b14cc9-fddf-49c0-8198-c5e2eed085b3')
,(20,6.72,'2020-02-15T00:32:16.062Z','2020-02-15T00:32:16.062Z','9847ae0a-69ba-450e-bf8b-8d0e0b92317d','f5423042-e859-4b76-9b99-7c2356a36e05')
,(21,5.76,'2020-02-15T00:32:16.062Z','2020-02-15T00:32:16.062Z','b198f2cd-d3b0-4ea7-beee-2b4843a84019','aa8ebf9f-f7f5-40db-8a29-0d0514956242')
,(22,2.85,'2020-02-15T00:32:16.062Z','2020-02-15T00:32:16.062Z','321e6f56-274d-46a6-938b-7d16ab186074','f5423042-e859-4b76-9b99-7c2356a36e05')
,(23,2.91,'2020-02-15T00:32:16.062Z','2020-02-15T00:32:16.062Z','4dbf5715-1af6-4465-a56b-d50ad4b4ea1a','aa8ebf9f-f7f5-40db-8a29-0d0514956242')
,(24,3,'2020-02-15T00:32:16.062Z','2020-02-15T00:32:16.062Z','321e6f56-274d-46a6-938b-7d16ab186074','aa8ebf9f-f7f5-40db-8a29-0d0514956242')
,(25,3.84,'2020-02-15T00:32:16.063Z','2020-02-15T00:32:16.063Z','66e1b34a-6ac0-4f18-a934-13db93ed633d','a057adff-0cef-4e48-b115-c843ae173fe5')
,(26,5.94,'2020-02-15T00:32:16.063Z','2020-02-15T00:32:16.063Z','b198f2cd-d3b0-4ea7-beee-2b4843a84019','a057adff-0cef-4e48-b115-c843ae173fe5')
,(27,6.72,'2020-02-15T00:32:16.063Z','2020-02-15T00:32:16.063Z','2398851d-4aa1-4806-b8ae-7a2a40de423a','a057adff-0cef-4e48-b115-c843ae173fe5')
,(28,7.6,'2020-02-15T00:32:16.063Z','2020-02-15T00:32:16.063Z','37692732-7e88-4231-bee1-be99ffd53122','11d5ba72-7bd1-472e-8c7b-8678b5abc3ee')
,(29,2.97,'2020-02-15T00:32:16.063Z','2020-02-15T00:32:16.063Z','800cb76b-be6c-44d8-98e3-643d4f60bbcc','e5f3d234-e5e9-4eab-a5ca-569de438532a')
,(30,3.8,'2020-02-15T00:32:16.063Z','2020-02-15T00:32:16.063Z','66e1b34a-6ac0-4f18-a934-13db93ed633d','e5f3d234-e5e9-4eab-a5ca-569de438532a')
,(31,2.94,'2020-02-15T00:32:16.063Z','2020-02-15T00:32:16.063Z','4dbf5715-1af6-4465-a56b-d50ad4b4ea1a','afaece82-7944-4aac-a083-0aa158527c73')
,(32,2.97,'2020-02-15T00:32:16.063Z','2020-02-15T00:32:16.063Z','800cb76b-be6c-44d8-98e3-643d4f60bbcc','afaece82-7944-4aac-a083-0aa158527c73')
,(33,7,'2020-02-15T00:32:16.064Z','2020-02-15T00:32:16.064Z','2398851d-4aa1-4806-b8ae-7a2a40de423a','79310d99-0a7e-4827-bf4b-895d46c0ab53')
,(34,6.72,'2020-02-15T00:32:16.064Z','2020-02-15T00:32:16.064Z','9847ae0a-69ba-450e-bf8b-8d0e0b92317d','79310d99-0a7e-4827-bf4b-895d46c0ab53')
,(35,2.94,'2020-02-15T00:32:16.064Z','2020-02-15T00:32:16.064Z','321e6f56-274d-46a6-938b-7d16ab186074','7655f527-2d29-4a7a-b0ff-5777d6e7f03b')
,(36,6.86,'2020-02-15T00:32:16.064Z','2020-02-15T00:32:16.064Z','2398851d-4aa1-4806-b8ae-7a2a40de423a','7655f527-2d29-4a7a-b0ff-5777d6e7f03b')
,(37,3.84,'2020-02-15T00:32:16.064Z','2020-02-15T00:32:16.064Z','66e1b34a-6ac0-4f18-a934-13db93ed633d','7655f527-2d29-4a7a-b0ff-5777d6e7f03b')
,(38,6.79,'2020-02-15T00:32:16.064Z','2020-02-15T00:32:16.064Z','f474233b-f951-49e5-8b49-319fe69ac8f5','b5708188-371f-4001-8585-e5a271154284')
,(39,5.7,'2020-02-15T00:32:16.064Z','2020-02-15T00:32:16.064Z','b198f2cd-d3b0-4ea7-beee-2b4843a84019','b5708188-371f-4001-8585-e5a271154284')
,(40,6.65,'2020-02-15T00:32:16.064Z','2020-02-15T00:32:16.064Z','9847ae0a-69ba-450e-bf8b-8d0e0b92317d','b5708188-371f-4001-8585-e5a271154284')
,(41,3.88,'2020-02-15T00:32:16.064Z','2020-02-15T00:32:16.064Z','66e1b34a-6ac0-4f18-a934-13db93ed633d','b82a0cb6-9428-4ea5-a2e2-57877939315b')
,(42,7.76,'2020-02-15T00:32:16.064Z','2020-02-15T00:32:16.064Z','37692732-7e88-4231-bee1-be99ffd53122','b82a0cb6-9428-4ea5-a2e2-57877939315b')
,(43,2.91,'2020-02-15T00:32:16.065Z','2020-02-15T00:32:16.065Z','4dbf5715-1af6-4465-a56b-d50ad4b4ea1a','fe9a4a1a-517b-4e18-b410-88d9cfaac534')
,(44,6.86,'2020-02-15T00:32:16.065Z','2020-02-15T00:32:16.065Z','2398851d-4aa1-4806-b8ae-7a2a40de423a','fe9a4a1a-517b-4e18-b410-88d9cfaac534')
,(45,3.88,'2020-02-15T00:32:16.065Z','2020-02-15T00:32:16.065Z','66e1b34a-6ac0-4f18-a934-13db93ed633d','fe9a4a1a-517b-4e18-b410-88d9cfaac534')
,(46,6.79,'2020-02-15T00:32:16.065Z','2020-02-15T00:32:16.065Z','2398851d-4aa1-4806-b8ae-7a2a40de423a','68247db7-b400-46f0-8f36-f53f458771e4')
,(47,2.88,'2020-02-15T00:32:16.066Z','2020-02-15T00:32:16.066Z','4dbf5715-1af6-4465-a56b-d50ad4b4ea1a','bae509d8-d521-4f94-8b21-7c384e5b47a9')
,(48,2.94,'2020-02-15T00:32:16.066Z','2020-02-15T00:32:16.066Z','800cb76b-be6c-44d8-98e3-643d4f60bbcc','bae509d8-d521-4f94-8b21-7c384e5b47a9')
,(49,2.91,'2020-02-15T00:32:16.066Z','2020-02-15T00:32:16.066Z','800cb76b-be6c-44d8-98e3-643d4f60bbcc','1d3fa153-5633-4e92-8d4a-68e22485a9c0')
,(50,2.91,'2020-02-15T00:32:16.066Z','2020-02-15T00:32:16.066Z','800cb76b-be6c-44d8-98e3-643d4f60bbcc','8a9540a7-bd74-477d-8430-d3d747a90cc0')
,(51,2.91,'2020-02-15T00:32:16.066Z','2020-02-15T00:32:16.066Z','321e6f56-274d-46a6-938b-7d16ab186074','8a9540a7-bd74-477d-8430-d3d747a90cc0')
,(52,2.88,'2020-02-15T00:32:16.066Z','2020-02-15T00:32:16.066Z','321e6f56-274d-46a6-938b-7d16ab186074','04f5c5b3-d1ef-48a9-a1bd-2c9b8764e4a5')
,(53,4,'2020-02-15T00:32:16.067Z','2020-02-15T00:32:16.067Z','66e1b34a-6ac0-4f18-a934-13db93ed633d','04f5c5b3-d1ef-48a9-a1bd-2c9b8764e4a5')
,(54,3.92,'2020-02-15T00:32:16.067Z','2020-02-15T00:32:16.067Z','66e1b34a-6ac0-4f18-a934-13db93ed633d','ffcae4b7-944a-4bf4-b359-69b7cf105ea9')
,(55,2.88,'2020-02-15T00:32:16.067Z','2020-02-15T00:32:16.067Z','800cb76b-be6c-44d8-98e3-643d4f60bbcc','f528d1be-a025-4f0b-965e-d5c3769c444a')
,(56,3.8,'2020-02-15T00:32:16.067Z','2020-02-15T00:32:16.067Z','66e1b34a-6ac0-4f18-a934-13db93ed633d','f528d1be-a025-4f0b-965e-d5c3769c444a')
,(57,5.88,'2020-02-15T00:32:16.067Z','2020-02-15T00:32:16.067Z','b198f2cd-d3b0-4ea7-beee-2b4843a84019','f528d1be-a025-4f0b-965e-d5c3769c444a')
,(58,2.85,'2020-02-15T00:32:16.067Z','2020-02-15T00:32:16.067Z','4dbf5715-1af6-4465-a56b-d50ad4b4ea1a','fe6671c4-e756-4074-86bf-d5e6b925aeb9')
,(59,7.6,'2020-02-15T00:32:16.067Z','2020-02-15T00:32:16.067Z','37692732-7e88-4231-bee1-be99ffd53122','662b39a5-93de-4603-ae03-0db4a054145c')
,(60,3.96,'2020-02-15T00:32:16.067Z','2020-02-15T00:32:16.067Z','66e1b34a-6ac0-4f18-a934-13db93ed633d','86eb2c3d-e30b-4342-bce8-e1a44d22bed7')
,(61,6.93,'2020-02-15T00:32:16.067Z','2020-02-15T00:32:16.067Z','2398851d-4aa1-4806-b8ae-7a2a40de423a','86eb2c3d-e30b-4342-bce8-e1a44d22bed7')
,(62,6.79,'2020-02-15T00:32:16.068Z','2020-02-15T00:32:16.068Z','9847ae0a-69ba-450e-bf8b-8d0e0b92317d','86eb2c3d-e30b-4342-bce8-e1a44d22bed7')
,(63,3,'2020-02-15T00:32:16.068Z','2020-02-15T00:32:16.068Z','4dbf5715-1af6-4465-a56b-d50ad4b4ea1a','b24f32d1-7ce2-4375-8233-f47e0192c5cc')
,(64,7,'2020-02-15T00:32:16.068Z','2020-02-15T00:32:16.068Z','9847ae0a-69ba-450e-bf8b-8d0e0b92317d','b24f32d1-7ce2-4375-8233-f47e0192c5cc')
,(65,2.85,'2020-02-15T00:32:16.068Z','2020-02-15T00:32:16.068Z','321e6f56-274d-46a6-938b-7d16ab186074','b24f32d1-7ce2-4375-8233-f47e0192c5cc')
,(66,2.85,'2020-02-15T00:32:16.068Z','2020-02-15T00:32:16.068Z','321e6f56-274d-46a6-938b-7d16ab186074','cb24da28-1188-41c0-9fe2-cceafb70b84d')
,(67,3,'2020-02-15T00:32:16.069Z','2020-02-15T00:32:16.069Z','800cb76b-be6c-44d8-98e3-643d4f60bbcc','b630cd7b-fec8-43e0-aaa1-ab66f1aecc1e')
,(68,2.85,'2020-02-15T00:32:16.069Z','2020-02-15T00:32:16.069Z','321e6f56-274d-46a6-938b-7d16ab186074','b630cd7b-fec8-43e0-aaa1-ab66f1aecc1e')
,(69,2.88,'2020-02-15T00:32:16.069Z','2020-02-15T00:32:16.069Z','4dbf5715-1af6-4465-a56b-d50ad4b4ea1a','b630cd7b-fec8-43e0-aaa1-ab66f1aecc1e')
,(70,2.94,'2020-02-15T00:32:16.070Z','2020-02-15T00:32:16.070Z','4dbf5715-1af6-4465-a56b-d50ad4b4ea1a','9d0b59ff-c9b8-4997-8701-fd6c6b5a53b4')
,(71,4,'2020-02-15T00:32:16.070Z','2020-02-15T00:32:16.070Z','66e1b34a-6ac0-4f18-a934-13db93ed633d','016e7c04-1734-4767-aa3c-54c1d85502b9')
,(72,7,'2020-02-15T00:32:16.070Z','2020-02-15T00:32:16.070Z','f474233b-f951-49e5-8b49-319fe69ac8f5','016e7c04-1734-4767-aa3c-54c1d85502b9')
,(73,6,'2020-02-15T00:32:16.070Z','2020-02-15T00:32:16.070Z','b198f2cd-d3b0-4ea7-beee-2b4843a84019','016e7c04-1734-4767-aa3c-54c1d85502b9')
,(74,7.84,'2020-02-15T00:32:16.070Z','2020-02-15T00:32:16.070Z','37692732-7e88-4231-bee1-be99ffd53122','10dff2d2-39cf-45e3-85cd-5e4fbc13deb4')
,(75,3,'2020-02-15T00:32:16.070Z','2020-02-15T00:32:16.070Z','321e6f56-274d-46a6-938b-7d16ab186074','10dff2d2-39cf-45e3-85cd-5e4fbc13deb4')
,(76,2.91,'2020-02-15T00:32:16.071Z','2020-02-15T00:32:16.071Z','800cb76b-be6c-44d8-98e3-643d4f60bbcc','10dff2d2-39cf-45e3-85cd-5e4fbc13deb4')
,(77,6.86,'2020-02-15T00:32:16.071Z','2020-02-15T00:32:16.071Z','9847ae0a-69ba-450e-bf8b-8d0e0b92317d','0d9af139-e56b-4e04-937d-d06459c71e17')
,(78,6.93,'2020-02-15T00:32:16.071Z','2020-02-15T00:32:16.071Z','f474233b-f951-49e5-8b49-319fe69ac8f5','0d9af139-e56b-4e04-937d-d06459c71e17')
,(79,2.97,'2020-02-15T00:32:16.071Z','2020-02-15T00:32:16.071Z','4dbf5715-1af6-4465-a56b-d50ad4b4ea1a','23154366-9de4-427a-8fee-d1d5113c5bc6')
,(80,6.65,'2020-02-15T00:32:16.071Z','2020-02-15T00:32:16.071Z','9847ae0a-69ba-450e-bf8b-8d0e0b92317d','23154366-9de4-427a-8fee-d1d5113c5bc6')
,(81,2.88,'2020-02-15T00:32:16.071Z','2020-02-15T00:32:16.071Z','321e6f56-274d-46a6-938b-7d16ab186074','f267bc02-539a-4dc5-9969-eea710b1fc1e')
,(82,8,'2020-02-15T00:32:16.071Z','2020-02-15T00:32:16.071Z','37692732-7e88-4231-bee1-be99ffd53122','f267bc02-539a-4dc5-9969-eea710b1fc1e')
,(83,6.86,'2020-02-15T00:32:16.071Z','2020-02-15T00:32:16.071Z','9847ae0a-69ba-450e-bf8b-8d0e0b92317d','9d50b77b-dcd6-4d14-85f3-172a4206b8ce')
,(84,7,'2020-02-15T00:32:16.072Z','2020-02-15T00:32:16.072Z','f474233b-f951-49e5-8b49-319fe69ac8f5','9d50b77b-dcd6-4d14-85f3-172a4206b8ce');



CREATE TABLE users(
   fullName   VARCHAR(128)
  ,id         UUID
  ,firstName  VARCHAR(128)
  ,lastName   VARCHAR(128)
  ,middleName VARCHAR(128)
  ,email      VARCHAR(128)
  ,title      VARCHAR(128)
  ,avatar     VARCHAR(128)
  ,createdAt  VARCHAR(128)
  ,updatedAt  TIMESTAMP DEFAULT CURRENT_TIMESTAMP
  ,companyId  UUID
);

INSERT INTO users(fullName,id,firstName,lastName,middleName,email,title,avatar,createdAt,updatedAt,companyId) VALUES
 ('Aaron VonRueden ','257c278e-7e2f-4800-8fb0-69982b3c5011','Aaron','VonRueden','Clovis','Aaron.Clovis.VonRueden@me.com','Corporate Metrics Consultant','https://s3.amazonaws.com/uifaces/faces/twitter/Shriiiiimp/128.jpg','2020-02-15T00:32:16.306Z','2020-02-15T00:32:16.306Z','ffcae4b7-944a-4bf4-b359-69b7cf105ea9')
,('Abby Schaden ','878f9c87-69ce-4609-98fe-ba5831b591ea','Abby','Schaden','Shakira','Abby.Shakira.Schaden@aol.com','Human Web Technician','https://s3.amazonaws.com/uifaces/faces/twitter/damenleeturks/128.jpg','2020-02-15T00:32:16.329Z','2020-02-15T00:32:16.329Z','e5f3d234-e5e9-4eab-a5ca-569de438532a')
,('Abigayle Tremblay ','076dcc46-f9b9-4dba-b210-3f50e9759451','Abigayle','Tremblay','Trudie','Abigayle.Trudie.Tremblay@mac.com','Dynamic Communications Supervisor','https://s3.amazonaws.com/uifaces/faces/twitter/carlosjgsousa/128.jpg','2020-02-15T00:32:16.406Z','2020-02-15T00:32:16.406Z','aa8ebf9f-f7f5-40db-8a29-0d0514956242')
,('Abner Mayert ','1be30c46-6b38-431d-ad31-910316c243b2','Abner','Mayert','Vance','Abner.Vance.Mayert@yahoo.com','Investor Integration Liaison','https://s3.amazonaws.com/uifaces/faces/twitter/mhesslow/128.jpg','2020-02-15T00:32:16.328Z','2020-02-15T00:32:16.328Z','b24f32d1-7ce2-4375-8233-f47e0192c5cc')
,('Adaline Considine ','d1e98252-3214-4818-9b09-00cb8950bd49','Adaline','Considine','Dortha','Adaline.Dortha.Considine@google.com','National Optimization Strategist','https://s3.amazonaws.com/uifaces/faces/twitter/osmond/128.jpg','2020-02-15T00:32:16.340Z','2020-02-15T00:32:16.340Z','68247db7-b400-46f0-8f36-f53f458771e4')
,('Adelbert Cummerata ','df832d4d-cb67-4494-94f1-8f48ab7f0117','Adelbert','Cummerata','Della','Adelbert.Della.Cummerata@friendster.com','Future Brand Agent','https://s3.amazonaws.com/uifaces/faces/twitter/kucingbelang4/128.jpg','2020-02-15T00:32:16.316Z','2020-02-15T00:32:16.316Z','f267bc02-539a-4dc5-9969-eea710b1fc1e')
,('Adeline Herman ','c90af385-59a7-4217-b1b8-4d2a5654b8a5','Adeline','Herman','Muhammad','Adeline.Muhammad.Herman@me.com','Future Identity Technician','https://s3.amazonaws.com/uifaces/faces/twitter/alxleroydeval/128.jpg','2020-02-15T00:32:16.339Z','2020-02-15T00:32:16.339Z','0d9af139-e56b-4e04-937d-d06459c71e17')
,('Adell Zulauf ','723b5af2-4b0d-45a5-840c-a5b5f6fcefd3','Adell','Zulauf','Colten','Adell.Colten.Zulauf@microsoft.com','Global Solutions Officer','https://s3.amazonaws.com/uifaces/faces/twitter/mds/128.jpg','2020-02-15T00:32:16.337Z','2020-02-15T00:32:16.337Z','23154366-9de4-427a-8fee-d1d5113c5bc6')
,('Adella Dach ','919ca4d5-0784-4bef-88c1-39437d6a51e4','Adella','Dach','Carrie','Adella.Carrie.Dach@me.com','Regional Research Liaison','https://s3.amazonaws.com/uifaces/faces/twitter/bargaorobalo/128.jpg','2020-02-15T00:32:16.351Z','2020-02-15T00:32:16.351Z','e5f3d234-e5e9-4eab-a5ca-569de438532a')
,('Adolf Okuneva ','2b12779e-8dd1-48e5-a324-7ddd1df83e55','Adolf','Okuneva','Bernadine','Adolf.Bernadine.Okuneva@google.com','Future Configuration Representative','https://s3.amazonaws.com/uifaces/faces/twitter/victorDubugras/128.jpg','2020-02-15T00:32:16.478Z','2020-02-15T00:32:16.478Z','fe9a4a1a-517b-4e18-b410-88d9cfaac534')
,('Adolfo Rogahn ','845b48e6-b885-4a0e-8c40-dc9dd83ebe87','Adolfo','Rogahn','Mekhi','Adolfo.Mekhi.Rogahn@aol.com','Legacy Metrics Analyst','https://s3.amazonaws.com/uifaces/faces/twitter/afusinatto/128.jpg','2020-02-15T00:32:16.444Z','2020-02-15T00:32:16.444Z','b62a7520-c259-47f1-82b4-93124db884e9')
,('Adolphus Veum ','297fe73c-0f9d-4c56-8c76-610d22533710','Adolphus','Veum','Reanna','Adolphus.Reanna.Veum@google.com','Human Communications Analyst','https://s3.amazonaws.com/uifaces/faces/twitter/danvernon/128.jpg','2020-02-15T00:32:16.374Z','2020-02-15T00:32:16.374Z','fe9a4a1a-517b-4e18-b410-88d9cfaac534')
,('Adrien Trantow ','ee3dcdaa-dc67-41d8-ab53-7ce262cb5b28','Adrien','Trantow','Rosella','Adrien.Rosella.Trantow@google.com','Investor Functionality Administrator','https://s3.amazonaws.com/uifaces/faces/twitter/dannol/128.jpg','2020-02-15T00:32:16.442Z','2020-02-15T00:32:16.442Z','23154366-9de4-427a-8fee-d1d5113c5bc6')
,('Agnes Stoltenberg ','44646623-4400-4e3a-b046-9030e088bbfc','Agnes','Stoltenberg','Jabari','Agnes.Jabari.Stoltenberg@microsoft.com','Customer Security Administrator','https://s3.amazonaws.com/uifaces/faces/twitter/josevnclch/128.jpg','2020-02-15T00:32:16.483Z','2020-02-15T00:32:16.483Z','afaece82-7944-4aac-a083-0aa158527c73')
,('Agustina Dicki ','4ee82510-416b-46d9-beae-24944ee5d12a','Agustina','Dicki','Davonte','Agustina.Davonte.Dicki@me.com','Principal Accountability Agent','https://s3.amazonaws.com/uifaces/faces/twitter/emmandenn/128.jpg','2020-02-15T00:32:16.386Z','2020-02-15T00:32:16.386Z','86eb2c3d-e30b-4342-bce8-e1a44d22bed7')
,('Aiden Sipes ','83c6d1cc-e53d-4ca3-bc93-837edacc0d66','Aiden','Sipes','Noah','Aiden.Noah.Sipes@microsoft.com','Future Functionality Coordinator','https://s3.amazonaws.com/uifaces/faces/twitter/jeremyworboys/128.jpg','2020-02-15T00:32:16.511Z','2020-02-15T00:32:16.511Z','e738f41e-893b-4ca8-9130-2b6f331cec5a')
,('Aileen Lowe ','91305c2e-5f32-4ed9-a854-46d55dc42042','Aileen','Lowe','Michelle','Aileen.Michelle.Lowe@friendster.com','Dynamic Intranet Facilitator','https://s3.amazonaws.com/uifaces/faces/twitter/yesmeck/128.jpg','2020-02-15T00:32:16.281Z','2020-02-15T00:32:16.281Z','b24f32d1-7ce2-4375-8233-f47e0192c5cc')
,('Akeem Marvin ','cd10513f-c110-43a3-9f46-8d5bb2aa2a9e','Akeem','Marvin','Mack','Akeem.Mack.Marvin@mac.com','International Security Facilitator','https://s3.amazonaws.com/uifaces/faces/twitter/nerrsoft/128.jpg','2020-02-15T00:32:16.343Z','2020-02-15T00:32:16.343Z','7655f527-2d29-4a7a-b0ff-5777d6e7f03b')
,('Alan Bins ','341bc753-7d8c-46d1-a1ca-a6c78a069dd5','Alan','Bins','Lionel','Alan.Lionel.Bins@yahoo.com','Future Configuration Designer','https://s3.amazonaws.com/uifaces/faces/twitter/djsherman/128.jpg','2020-02-15T00:32:16.504Z','2020-02-15T00:32:16.504Z','fe6671c4-e756-4074-86bf-d5e6b925aeb9')
,('Alanna Kemmer ','64b8fa94-024b-4631-b751-3e3783bf31c3','Alanna','Kemmer','Rosalia','Alanna.Rosalia.Kemmer@yahoo.com','District Group Representative','https://s3.amazonaws.com/uifaces/faces/twitter/leemunroe/128.jpg','2020-02-15T00:32:16.517Z','2020-02-15T00:32:16.517Z','f267bc02-539a-4dc5-9969-eea710b1fc1e')
,('Alanna Kris ','daee4f70-86be-4218-a1f1-57af5552ce9a','Alanna','Kris','Kaycee','Alanna.Kaycee.Kris@mac.com','Global Functionality Designer','https://s3.amazonaws.com/uifaces/faces/twitter/brandonmorreale/128.jpg','2020-02-15T00:32:16.371Z','2020-02-15T00:32:16.371Z','de0318a5-6a5d-45ff-959b-3b8eaa014173')
,('Alanna Ziemann ','dff61560-20fd-408d-b78c-4bb710f24268','Alanna','Ziemann','Russell','Alanna.Russell.Ziemann@aol.com','District Directives Executive','https://s3.amazonaws.com/uifaces/faces/twitter/ciaranr/128.jpg','2020-02-15T00:32:16.301Z','2020-02-15T00:32:16.301Z','04f5c5b3-d1ef-48a9-a1bd-2c9b8764e4a5')
,('Alba Braun ','66e9dee1-b593-46cd-86ae-f6ee48714765','Alba','Braun','Catalina','Alba.Catalina.Braun@mac.com','Investor Group Administrator','https://s3.amazonaws.com/uifaces/faces/twitter/afusinatto/128.jpg','2020-02-15T00:32:16.299Z','2020-02-15T00:32:16.299Z','fe6671c4-e756-4074-86bf-d5e6b925aeb9')
,('Alden Crist ','9d2fb4ee-543f-4c14-b531-21f8f55098be','Alden','Crist','Nannie','Alden.Nannie.Crist@google.com','National Metrics Executive','https://s3.amazonaws.com/uifaces/faces/twitter/illyzoren/128.jpg','2020-02-15T00:32:16.374Z','2020-02-15T00:32:16.374Z','fe9a4a1a-517b-4e18-b410-88d9cfaac534')
,('Alden Klein ','9f7440e7-09a2-4610-93e5-7b06d3175df8','Alden','Klein','Jamar','Alden.Jamar.Klein@google.com','Customer Metrics Assistant','https://s3.amazonaws.com/uifaces/faces/twitter/rmlewisuk/128.jpg','2020-02-15T00:32:16.449Z','2020-02-15T00:32:16.449Z','1d3fa153-5633-4e92-8d4a-68e22485a9c0')
,('Alec Schoen ','65606f6c-8fe4-4183-9fe8-99049f807d0b','Alec','Schoen','Baby','Alec.Baby.Schoen@microsoft.com','Product Integration Director','https://s3.amazonaws.com/uifaces/faces/twitter/karlkanall/128.jpg','2020-02-15T00:32:16.342Z','2020-02-15T00:32:16.342Z','0d9af139-e56b-4e04-937d-d06459c71e17')
,('Alejandrin Johnston ','4742f34a-6b84-4fd9-b1e0-c83c670a1d5c','Alejandrin','Johnston','Maddison','Alejandrin.Maddison.Johnston@yahoo.com','Customer Tactics Designer','https://s3.amazonaws.com/uifaces/faces/twitter/herkulano/128.jpg','2020-02-15T00:32:16.309Z','2020-02-15T00:32:16.309Z','86eb2c3d-e30b-4342-bce8-e1a44d22bed7')
,('Alek Schulist ','b7c0e731-ec4c-4e94-a016-5184d25e7dfa','Alek','Schulist','Linnie','Alek.Linnie.Schulist@google.com','Lead Directives Designer','https://s3.amazonaws.com/uifaces/faces/twitter/ryanjohnson_me/128.jpg','2020-02-15T00:32:16.308Z','2020-02-15T00:32:16.308Z','1d3fa153-5633-4e92-8d4a-68e22485a9c0')
,('Alena Veum ','33a96c8a-bc4e-45bc-8dbf-9914ab114250','Alena','Veum','Briana','Alena.Briana.Veum@friendster.com','Principal Security Director','https://s3.amazonaws.com/uifaces/faces/twitter/davidsasda/128.jpg','2020-02-15T00:32:16.327Z','2020-02-15T00:32:16.327Z','86eb2c3d-e30b-4342-bce8-e1a44d22bed7')
,('Alessandro Brown ','de13d332-94ad-4c0f-993e-1569647a0294','Alessandro','Brown','Joel','Alessandro.Joel.Brown@yahoo.com','Product Metrics Liaison','https://s3.amazonaws.com/uifaces/faces/twitter/dhrubo/128.jpg','2020-02-15T00:32:16.387Z','2020-02-15T00:32:16.387Z','0d9af139-e56b-4e04-937d-d06459c71e17')
,('Alessia Flatley ','aca9fd4a-a807-4226-a2b0-d8265064450b','Alessia','Flatley','Una','Alessia.Una.Flatley@google.com','Global Accountability Officer','https://s3.amazonaws.com/uifaces/faces/twitter/dc_user/128.jpg','2020-02-15T00:32:16.356Z','2020-02-15T00:32:16.356Z','04676cb9-6291-4587-864f-b90266737fc0')
,('Alex Boyer ','e4ba9e89-1d6d-494f-8918-25cc6b92f750','Alex','Boyer','Trenton','Alex.Trenton.Boyer@me.com','Legacy Communications Planner','https://s3.amazonaws.com/uifaces/faces/twitter/zauerkraut/128.jpg','2020-02-15T00:32:16.329Z','2020-02-15T00:32:16.329Z','f5423042-e859-4b76-9b99-7c2356a36e05')
,('Alex Carroll ','492a24ad-6f5f-4ac4-9b7d-bcd2bd062d00','Alex','Carroll','Andres','Alex.Andres.Carroll@mac.com','District Communications Strategist','https://s3.amazonaws.com/uifaces/faces/twitter/andreas_pr/128.jpg','2020-02-15T00:32:16.499Z','2020-02-15T00:32:16.499Z','fe6671c4-e756-4074-86bf-d5e6b925aeb9')
,('Alexandre Hamill ','f7aea0e8-69f1-4906-89e6-db7ee0d06f22','Alexandre','Hamill','Austen','Alexandre.Austen.Hamill@aol.com','Corporate Metrics Associate','https://s3.amazonaws.com/uifaces/faces/twitter/joshaustin/128.jpg','2020-02-15T00:32:16.344Z','2020-02-15T00:32:16.344Z','afaece82-7944-4aac-a083-0aa158527c73')
,('Alexane Powlowski ','3b54a812-47bb-43c2-abf6-0cd0562f4a97','Alexane','Powlowski','Hans','Alexane.Hans.Powlowski@yahoo.com','Dynamic Infrastructure Associate','https://s3.amazonaws.com/uifaces/faces/twitter/safrankov/128.jpg','2020-02-15T00:32:16.402Z','2020-02-15T00:32:16.402Z','79310d99-0a7e-4827-bf4b-895d46c0ab53')
,('Alexis Doyle ','89e3ede4-676b-48a7-9f86-bf2d02b5ffe1','Alexis','Doyle','Granville','Alexis.Granville.Doyle@microsoft.com','Internal Accounts Manager','https://s3.amazonaws.com/uifaces/faces/twitter/craigrcoles/128.jpg','2020-02-15T00:32:16.369Z','2020-02-15T00:32:16.369Z','de0318a5-6a5d-45ff-959b-3b8eaa014173')
,('Alexys Corwin ','f5d31396-d017-4849-8e6d-c80b0b679555','Alexys','Corwin','Buster','Alexys.Buster.Corwin@yahoo.com','Product Communications Agent','https://s3.amazonaws.com/uifaces/faces/twitter/billyroshan/128.jpg','2020-02-15T00:32:16.440Z','2020-02-15T00:32:16.440Z','f528d1be-a025-4f0b-965e-d5c3769c444a')
,('Alexzander Grant ','d1a225f6-e7d7-414a-b8e8-fe499995253c','Alexzander','Grant','George','Alexzander.George.Grant@aol.com','Product Program Specialist','https://s3.amazonaws.com/uifaces/faces/twitter/GavicoInd/128.jpg','2020-02-15T00:32:16.514Z','2020-02-15T00:32:16.514Z','b5708188-371f-4001-8585-e5a271154284')
,('Alf D''Amore ','f6089242-4910-4909-bd43-38954bfaa7ef','Alf','D''Amore','Melvina','Alf.Melvina.D''Amore@yahoo.com','Investor Integration Designer','https://s3.amazonaws.com/uifaces/faces/twitter/elbuscainfo/128.jpg','2020-02-15T00:32:16.443Z','2020-02-15T00:32:16.443Z','aa8ebf9f-f7f5-40db-8a29-0d0514956242')
,('Alford Pacocha ','6cde841b-f188-43a7-864a-cf5ff5d133dc','Alford','Pacocha','Kianna','Alford.Kianna.Pacocha@yahoo.com','Customer Usability Producer','https://s3.amazonaws.com/uifaces/faces/twitter/joreira/128.jpg','2020-02-15T00:32:16.452Z','2020-02-15T00:32:16.452Z','23154366-9de4-427a-8fee-d1d5113c5bc6')
,('Alfredo Bayer ','ca167f44-d533-48f7-97b3-83c7c8247b8f','Alfredo','Bayer','Linnie','Alfredo.Linnie.Bayer@mac.com','Chief Tactics Consultant','https://s3.amazonaws.com/uifaces/faces/twitter/twittypork/128.jpg','2020-02-15T00:32:16.280Z','2020-02-15T00:32:16.280Z','fe9a4a1a-517b-4e18-b410-88d9cfaac534')
,('Alison Senger ','f8d7339b-de6b-4aa6-98b5-dd05f16967f0','Alison','Senger','Stacy','Alison.Stacy.Senger@friendster.com','Regional Operations Administrator','https://s3.amazonaws.com/uifaces/faces/twitter/fjaguero/128.jpg','2020-02-15T00:32:16.326Z','2020-02-15T00:32:16.326Z','65f52025-5a32-4085-b4e0-cc08f12e6248')
,('Alivia Ankunding ','4226600d-c7b1-492d-b34c-4cc7f7e7ceab','Alivia','Ankunding','Larissa','Alivia.Larissa.Ankunding@me.com','Lead Infrastructure Developer','https://s3.amazonaws.com/uifaces/faces/twitter/jacobbennett/128.jpg','2020-02-15T00:32:16.483Z','2020-02-15T00:32:16.483Z','7655f527-2d29-4a7a-b0ff-5777d6e7f03b')
,('Aliza Purdy ','ff0867ea-3ae1-4e61-8f01-63eacfe88cb7','Aliza','Purdy','Annamae','Aliza.Annamae.Purdy@yahoo.com','National Group Agent','https://s3.amazonaws.com/uifaces/faces/twitter/haligaliharun/128.jpg','2020-02-15T00:32:16.276Z','2020-02-15T00:32:16.276Z','b5708188-371f-4001-8585-e5a271154284')
,('Alize Dare ','185cb0a9-fda9-4091-8e9e-c28215c37af9','Alize','Dare','Callie','Alize.Callie.Dare@friendster.com','National Response Administrator','https://s3.amazonaws.com/uifaces/faces/twitter/betraydan/128.jpg','2020-02-15T00:32:16.362Z','2020-02-15T00:32:16.362Z','9d0b59ff-c9b8-4997-8701-fd6c6b5a53b4')
,('Ally Koch ','1d8ee868-4062-4148-8c97-54aa601dc9c0','Ally','Koch','Dorthy','Ally.Dorthy.Koch@google.com','Central Usability Planner','https://s3.amazonaws.com/uifaces/faces/twitter/supervova/128.jpg','2020-02-15T00:32:16.375Z','2020-02-15T00:32:16.375Z','65f52025-5a32-4085-b4e0-cc08f12e6248')
,('Alphonso Grady ','e4f12360-df68-4865-a6f6-5b0981048bee','Alphonso','Grady','Abel','Alphonso.Abel.Grady@google.com','Customer Response Executive','https://s3.amazonaws.com/uifaces/faces/twitter/itskawsar/128.jpg','2020-02-15T00:32:16.365Z','2020-02-15T00:32:16.365Z','10dff2d2-39cf-45e3-85cd-5e4fbc13deb4')
,('Alva Cummings ','66cd657e-f952-42d0-812d-931982ec37ed','Alva','Cummings','Llewellyn','Alva.Llewellyn.Cummings@me.com','Senior Markets Engineer','https://s3.amazonaws.com/uifaces/faces/twitter/itstotallyamy/128.jpg','2020-02-15T00:32:16.325Z','2020-02-15T00:32:16.325Z','b5708188-371f-4001-8585-e5a271154284')
,('Alva O''Connell ','a1625235-3162-478f-9739-a0cbfe3b42d8','Alva','O''Connell','Rafaela','Alva.Rafaela.O''Connell@aol.com','International Identity Director','https://s3.amazonaws.com/uifaces/faces/twitter/adobi/128.jpg','2020-02-15T00:32:16.505Z','2020-02-15T00:32:16.505Z','23154366-9de4-427a-8fee-d1d5113c5bc6')
,('Alvah Kuhn ','cf407b3e-7a41-4df3-8d00-4e976abc7fd6','Alvah','Kuhn','Kailee','Alvah.Kailee.Kuhn@microsoft.com','Corporate Assurance Producer','https://s3.amazonaws.com/uifaces/faces/twitter/nfedoroff/128.jpg','2020-02-15T00:32:16.403Z','2020-02-15T00:32:16.403Z','04676cb9-6291-4587-864f-b90266737fc0');
